week_end,pruid,prename,numtotal_atleast1dose,numtotal_partially,numtotal_fully,numtotal_additional
2020-12-19,1,Canada,12362,12362,0,
2020-12-19,10,Newfoundland and Labrador,972,972,0,
2020-12-19,12,Nova Scotia,1092,1092,0,
2020-12-19,24,Quebec,4728,4728,0,
2020-12-19,46,Manitoba,894,894,0,
2020-12-19,47,Saskatchewan,1042,1042,0,
2020-12-19,59,British Columbia,3634,3634,0,
2020-12-19,60,Yukon,0,0,0,
2020-12-19,61,Northwest Territories,0,0,0,
2020-12-19,62,Nunavut,0,0,0,
2020-12-26,1,Canada,46156,46156,0,
2020-12-26,10,Newfoundland and Labrador,1785,1785,0,
2020-12-26,11,Prince Edward Island,1146,1146,0,
2020-12-26,12,Nova Scotia,2218,2218,0,
2020-12-26,13,New Brunswick,2606,2606,0,
2020-12-26,24,Quebec,17216,17216,0,
2020-12-26,46,Manitoba,2177,2177,0,
2020-12-26,47,Saskatchewan,1769,1769,0,
2020-12-26,48,Alberta,4792,4792,0,
2020-12-26,59,British Columbia,12447,12447,0,
2020-12-26,60,Yukon,0,0,0,
2020-12-26,61,Northwest Territories,0,0,0,
2020-12-26,62,Nunavut,0,0,0,
2021-01-02,1,Canada,82512,82512,0,
2021-01-02,10,Newfoundland and Labrador,1785,1785,0,
2021-01-02,11,Prince Edward Island,1669,1669,0,
2021-01-02,12,Nova Scotia,2720,2720,0,
2021-01-02,13,New Brunswick,2886,2886,0,
2021-01-02,24,Quebec,28305,28305,,
2021-01-02,46,Manitoba,3432,3432,0,
2021-01-02,47,Saskatchewan,3540,3540,0,
2021-01-02,48,Alberta,13383,13383,0,
2021-01-02,59,British Columbia,24670,24670,0,
2021-01-02,60,Yukon,0,0,0,
2021-01-02,61,Northwest Territories,122,122,0,
2021-01-02,62,Nunavut,0,0,0,
2021-01-09,1,Canada,217345,212824,4521,
2021-01-09,10,Newfoundland and Labrador,2847,1994,853,
2021-01-09,11,Prince Edward Island,2475,2475,0,
2021-01-09,12,Nova Scotia,2755,1679,1076,
2021-01-09,13,New Brunswick,6241,6241,0,
2021-01-09,24,Quebec,83278,83278,,
2021-01-09,46,Manitoba,8694,7814,880,
2021-01-09,47,Saskatchewan,5516,4563,953,
2021-01-09,48,Alberta,44298,43574,724,
2021-01-09,59,British Columbia,60215,60180,35,
2021-01-09,60,Yukon,495,495,0,
2021-01-09,61,Northwest Territories,511,511,0,
2021-01-09,62,Nunavut,20,20,0,
2021-01-16,1,Canada,564921,538173,26748,
2021-01-16,10,Newfoundland and Labrador,4250,2516,1734,
2021-01-16,11,Prince Edward Island,4293,2906,1387,
2021-01-16,12,Nova Scotia,5740,3533,2207,
2021-01-16,13,New Brunswick,7918,5353,2565,
2021-01-16,24,Quebec,145783,145783,,
2021-01-16,35,Ontario,189240,178383,10857,
2021-01-16,46,Manitoba,16499,14355,2144,
2021-01-16,47,Saskatchewan,14283,12551,1732,
2021-01-16,48,Alberta,81859,77784,4075,
2021-01-16,59,British Columbia,89715,89668,47,
2021-01-16,60,Yukon,1309,1309,0,
2021-01-16,61,Northwest Territories,1891,1891,0,
2021-01-16,62,Nunavut,2141,2141,0,
2021-01-23,1,Canada,775500,716206,59294,
2021-01-23,10,Newfoundland and Labrador,7448,5711,1737,
2021-01-23,11,Prince Edward Island,5211,3327,1884,
2021-01-23,12,Nova Scotia,8288,5580,2708,
2021-01-23,13,New Brunswick,11516,8675,2841,
2021-01-23,24,Quebec,218827,218827,,
2021-01-23,35,Ontario,249132,217691,31441,
2021-01-23,46,Manitoba,25839,22443,3396,
2021-01-23,47,Saskatchewan,23663,21205,2458,
2021-01-23,48,Alberta,89557,80088,9469,
2021-01-23,59,British Columbia,118150,114790,3360,
2021-01-23,60,Yukon,3950,3950,0,
2021-01-23,61,Northwest Territories,9471,9471,0,
2021-01-23,62,Nunavut,4448,4448,0,
2021-01-30,1,Canada,859240,745591,113649,
2021-01-30,10,Newfoundland and Labrador,8353,5591,2762,
2021-01-30,11,Prince Edward Island,5279,2714,2565,
2021-01-30,12,Nova Scotia,12090,9361,2729,
2021-01-30,13,New Brunswick,12791,8326,4465,
2021-01-30,24,Quebec,239485,239485,,
2021-01-30,35,Ontario,270795,201946,68849,
2021-01-30,46,Manitoba,32441,23938,8503,
2021-01-30,47,Saskatchewan,27215,24143,3072,
2021-01-30,48,Alberta,90238,74244,15994,
2021-01-30,59,British Columbia,135501,130909,4592,
2021-01-30,60,Yukon,7355,7355,0,
2021-01-30,61,Northwest Territories,12233,12115,118,
2021-01-30,62,Nunavut,5464,5464,0,
2021-02-06,1,Canada,901402,727623,173779,
2021-02-06,10,Newfoundland and Labrador,8890,4822,4068,
2021-02-06,11,Prince Edward Island,5302,1789,3513,
2021-02-06,12,Nova Scotia,12849,7716,5133,
2021-02-06,13,New Brunswick,13250,7837,5413,
2021-02-06,24,Quebec,257501,257501,,
2021-02-06,35,Ontario,277440,175696,101744,
2021-02-06,46,Manitoba,33641,19998,13643,
2021-02-06,47,Saskatchewan,29747,24353,5394,
2021-02-06,48,Alberta,90668,68989,21679,
2021-02-06,59,British Columbia,142999,130871,12128,
2021-02-06,60,Yukon,10447,9968,479,
2021-02-06,61,Northwest Territories,12830,12531,299,
2021-02-06,62,Nunavut,5838,5552,286,
2021-02-13,1,Canada,973060,665691,307369,
2021-02-13,10,Newfoundland and Labrador,9792,4343,5449,
2021-02-13,11,Prince Edward Island,5690,797,4893,
2021-02-13,12,Nova Scotia,14727,6688,8039,
2021-02-13,13,New Brunswick,13646,6148,7498,
2021-02-13,24,Quebec,293734,293734,,
2021-02-13,35,Ontario,292983,118340,174643,
2021-02-13,46,Manitoba,34848,14442,20406,
2021-02-13,47,Saskatchewan,32867,23322,9545,
2021-02-13,48,Alberta,94996,44314,50682,
2021-02-13,59,British Columbia,149182,126548,22634,
2021-02-13,60,Yukon,10524,9657,867,
2021-02-13,61,Northwest Territories,13575,12996,579,
2021-02-13,62,Nunavut,6496,4362,2134,
2021-02-20,1,Canada,1086501,651234,435267,
2021-02-20,10,Newfoundland and Labrador,10436,4324,6112,
2021-02-20,11,Prince Edward Island,6450,1294,5156,
2021-02-20,12,Nova Scotia,14915,6690,8225,
2021-02-20,13,New Brunswick,15261,4234,11027,
2021-02-20,24,Quebec,345979,345979,,
2021-02-20,35,Ontario,319915,84862,235053,
2021-02-20,46,Manitoba,36279,11082,25197,
2021-02-20,47,Saskatchewan,37764,21804,15960,
2021-02-20,48,Alberta,103236,37048,66188,
2021-02-20,59,British Columbia,164163,108945,55218,
2021-02-20,60,Yukon,10613,9523,1090,
2021-02-20,61,Northwest Territories,14517,12583,1934,
2021-02-20,62,Nunavut,6973,2866,4107,
2021-02-27,1,Canada,1381403,843004,538399,
2021-02-27,10,Newfoundland and Labrador,16623,8411,8212,
2021-02-27,11,Prince Edward Island,7363,2151,5212,
2021-02-27,12,Nova Scotia,19734,7116,12618,
2021-02-27,13,New Brunswick,21676,9544,12132,
2021-02-27,24,Quebec,431743,431743,,
2021-02-27,35,Ontario,425162,163239,261923,
2021-02-27,46,Manitoba,46651,17675,28976,
2021-02-27,47,Saskatchewan,46285,22829,23456,
2021-02-27,48,Alberta,139961,52554,87407,
2021-02-27,59,British Columbia,192637,108615,84022,
2021-02-27,60,Yukon,10958,6156,4802,
2021-02-27,61,Northwest Territories,15214,10656,4558,
2021-02-27,62,Nunavut,7396,2315,5081,
2021-03-06,1,Canada,1854791,1281130,573661,
2021-03-06,10,Newfoundland and Labrador,21087,11951,9136,
2021-03-06,11,Prince Edward Island,8666,3159,5507,
2021-03-06,12,Nova Scotia,25011,10578,14433,
2021-03-06,13,New Brunswick,26308,14166,12142,
2021-03-06,24,Quebec,548031,548031,,
2021-03-06,35,Ontario,619315,347483,271832,
2021-03-06,46,Manitoba,59400,29038,30362,
2021-03-06,47,Saskatchewan,56493,29121,27372,
2021-03-06,48,Alberta,202240,111622,90618,
2021-03-06,59,British Columbia,247428,160369,87059,
2021-03-06,60,Yukon,14565,5972,8593,
2021-03-06,61,Northwest Territories,17053,5904,11149,
2021-03-06,62,Nunavut,9194,3736,5458,
2021-03-13,1,Canada,2500024,1902260,597764,
2021-03-13,10,Newfoundland and Labrador,27418,18176,9242,
2021-03-13,11,Prince Edward Island,10386,4790,5596,
2021-03-13,12,Nova Scotia,31964,15851,16113,
2021-03-13,13,New Brunswick,39168,27013,12155,
2021-03-13,24,Quebec,714029,714029,,
2021-03-13,35,Ontario,874937,589270,285667,
2021-03-13,46,Manitoba,72282,39151,33131,
2021-03-13,47,Saskatchewan,69628,41272,28356,
2021-03-13,48,Alberta,288021,196484,91537,
2021-03-13,59,British Columbia,323058,235878,87180,
2021-03-13,60,Yukon,19177,8815,10362,
2021-03-13,61,Northwest Territories,19680,7293,12387,
2021-03-13,62,Nunavut,10276,4238,6038,
2021-03-20,1,Canada,3402773,2772389,630384,
2021-03-20,10,Newfoundland and Labrador,38915,29354,9561,
2021-03-20,11,Prince Edward Island,12995,7380,5615,
2021-03-20,12,Nova Scotia,40820,20720,20100,
2021-03-20,13,New Brunswick,49610,37446,12164,
2021-03-20,24,Quebec,945382,945382,,
2021-03-20,35,Ontario,1225457,927042,298415,
2021-03-20,46,Manitoba,90578,47170,43408,
2021-03-20,47,Saskatchewan,101100,70505,30595,
2021-03-20,48,Alberta,388455,295430,93025,
2021-03-20,59,British Columbia,453352,366072,87280,
2021-03-20,60,Yukon,22144,11669,10475,
2021-03-20,61,Northwest Territories,22107,8826,13281,
2021-03-20,62,Nunavut,11858,5393,6465,
2021-03-27,1,Canada,4533036,3864994,668042,
2021-03-27,10,Newfoundland and Labrador,51244,41597,9647,
2021-03-27,11,Prince Edward Island,15289,8890,6399,
2021-03-27,12,Nova Scotia,64681,40387,24294,
2021-03-27,13,New Brunswick,80178,67983,12195,
2021-03-27,24,Quebec,1218798,1218798,,
2021-03-27,35,Ontario,1672351,1363194,309157,
2021-03-27,46,Manitoba,117810,62870,54940,
2021-03-27,47,Saskatchewan,134559,98267,36292,
2021-03-27,48,Alberta,504407,408276,96131,
2021-03-27,59,British Columbia,613835,526396,87439,
2021-03-27,60,Yukon,23028,12268,10760,
2021-03-27,61,Northwest Territories,23715,9784,13931,
2021-03-27,62,Nunavut,13141,6284,6857,
2021-04-03,1,Canada,5788394,5072294,716100,
2021-04-03,10,Newfoundland and Labrador,78734,69071,9663,
2021-04-03,11,Prince Edward Island,19810,12203,7607,
2021-04-03,12,Nova Scotia,83796,54265,29531,
2021-04-03,13,New Brunswick,110912,98634,12278,
2021-04-03,24,Quebec,1524363,1524363,,
2021-04-03,35,Ontario,2171573,1849755,321818,
2021-04-03,46,Manitoba,147826,86315,61511,
2021-04-03,47,Saskatchewan,182416,143258,39158,
2021-04-03,48,Alberta,600594,488608,111986,
2021-04-03,59,British Columbia,807444,719837,87607,
2021-04-03,60,Yukon,23414,11278,12136,
2021-04-03,61,Northwest Territories,24097,9628,14469,
2021-04-03,62,Nunavut,13415,5079,8336,
2021-04-10,1,Canada,7339540,6520540,819000,
2021-04-10,10,Newfoundland and Labrador,100594,90920,9674,
2021-04-10,11,Prince Edward Island,26305,17549,8756,
2021-04-10,12,Nova Scotia,116818,85699,31119,
2021-04-10,13,New Brunswick,135799,120022,15777,
2021-04-10,24,Quebec,1873379,1857562,15817,
2021-04-10,35,Ontario,2808322,2475356,332966,
2021-04-10,46,Manitoba,215922,147407,68515,
2021-04-10,47,Saskatchewan,249539,208047,41492,
2021-04-10,48,Alberta,728292,563935,164357,
2021-04-10,59,British Columbia,1022228,934409,87819,
2021-04-10,60,Yukon,23872,7096,16776,
2021-04-10,61,Northwest Territories,24740,8271,16469,
2021-04-10,62,Nunavut,13730,4267,9463,
2021-04-17,1,Canada,9195114,8265016,930098,
2021-04-17,10,Newfoundland and Labrador,122808,113134,9674,
2021-04-17,11,Prince Edward Island,33368,23801,9567,
2021-04-17,12,Nova Scotia,173886,141404,32482,
2021-04-17,13,New Brunswick,182669,163822,18847,
2021-04-17,24,Quebec,2325260,2295027,30233,
2021-04-17,35,Ontario,3493866,3148080,345786,
2021-04-17,46,Manitoba,267700,197933,69767,
2021-04-17,47,Saskatchewan,309369,266491,42878,
2021-04-17,48,Alberta,932880,700554,232326,
2021-04-17,59,British Columbia,1289370,1201132,88238,
2021-04-17,60,Yukon,24317,4218,20099,
2021-04-17,61,Northwest Territories,25369,6100,19269,
2021-04-17,62,Nunavut,14252,3320,10932,
2021-04-24,1,Canada,11132592,10112143,1020449,
2021-04-24,10,Newfoundland and Labrador,147423,137727,9696,
2021-04-24,11,Prince Edward Island,39530,29251,10279,
2021-04-24,12,Nova Scotia,238566,203751,34815,
2021-04-24,13,New Brunswick,219257,195088,24169,
2021-04-24,24,Quebec,2773207,2721477,51730,
2021-04-24,35,Ontario,4268812,3908475,360337,
2021-04-24,46,Manitoba,349534,278119,71415,
2021-04-24,47,Saskatchewan,360002,316451,43551,
2021-04-24,48,Alberta,1127370,856730,270640,
2021-04-24,59,British Columbia,1543065,1453896,89169,
2021-04-24,60,Yukon,24817,3290,21527,
2021-04-24,61,Northwest Territories,25851,4910,20941,
2021-04-24,62,Nunavut,15158,2978,12180,
2021-05-01,1,Canada,12779536,11655857,1123679,
2021-05-01,10,Newfoundland and Labrador,171285,161620,9665,
2021-05-01,11,Prince Edward Island,45383,34745,10638,
2021-05-01,12,Nova Scotia,283812,247213,36599,
2021-05-01,13,New Brunswick,243986,216762,27224,
2021-05-01,24,Quebec,3109455,3005084,104371,
2021-05-01,35,Ontario,4951946,4576638,375308,
2021-05-01,46,Manitoba,412267,339058,73209,
2021-05-01,47,Saskatchewan,406783,362269,44514,
2021-05-01,48,Alberta,1305432,1011710,293722,
2021-05-01,59,British Columbia,1781618,1689723,91895,
2021-05-01,60,Yukon,25192,2858,22334,
2021-05-01,61,Northwest Territories,26327,4655,21672,
2021-05-01,62,Nunavut,16050,3522,12528,
2021-05-08,1,Canada,14772158,13519160,1252998,
2021-05-08,10,Newfoundland and Labrador,193584,183911,9673,
2021-05-08,11,Prince Edward Island,52598,41662,10936,
2021-05-08,12,Nova Scotia,326139,288440,37699,
2021-05-08,13,New Brunswick,277729,247489,30240,
2021-05-08,24,Quebec,3538616,3363699,174917,
2021-05-08,35,Ontario,5754150,5361156,392994,
2021-05-08,46,Manitoba,473652,397891,75761,
2021-05-08,47,Saskatchewan,481722,435342,46380,
2021-05-08,48,Alberta,1556400,1246471,309929,
2021-05-08,59,British Columbia,2048120,1941844,106276,
2021-05-08,60,Yukon,25731,2914,22817,
2021-05-08,61,Northwest Territories,27303,4804,22499,
2021-05-08,62,Nunavut,16414,3537,12877,
2021-05-15,1,Canada,17140068,15621663,1518405,
2021-05-15,10,Newfoundland and Labrador,225770,215889,9881,
2021-05-15,11,Prince Edward Island,62125,50371,11754,
2021-05-15,12,Nova Scotia,388511,349306,39205,
2021-05-15,13,New Brunswick,323355,289961,33394,
2021-05-15,24,Quebec,4073238,3718773,354465,
2021-05-15,35,Ontario,6638361,6208493,429868,
2021-05-15,46,Manitoba,560533,479650,80883,
2021-05-15,47,Saskatchewan,554200,505443,48757,
2021-05-15,48,Alberta,1850072,1529798,320274,
2021-05-15,59,British Columbia,2392600,2262170,130430,
2021-05-15,60,Yukon,26242,3006,23236,
2021-05-15,61,Northwest Territories,28353,5397,22956,
2021-05-15,62,Nunavut,16708,3406,13302,
2021-05-22,1,Canada,19232248,17477501,1754747,
2021-05-22,10,Newfoundland and Labrador,260190,249731,10459,
2021-05-22,11,Prince Edward Island,71327,59028,12299,
2021-05-22,12,Nova Scotia,460948,419495,41453,
2021-05-22,13,New Brunswick,386865,350003,36862,
2021-05-22,24,Quebec,4602185,4155234,446951,
2021-05-22,35,Ontario,7537294,7005191,532103,
2021-05-22,46,Manitoba,643349,556554,86795,
2021-05-22,47,Saskatchewan,604637,546507,58130,
2021-05-22,48,Alberta,1854382,1533466,320916,
2021-05-22,59,British Columbia,2738510,2590890,147620,
2021-05-22,60,Yukon,26648,2934,23714,
2021-05-22,61,Northwest Territories,28883,5547,23336,
2021-05-22,62,Nunavut,17030,2921,14109,
2021-05-29,1,Canada,21579682,19410408,2169274,
2021-05-29,10,Newfoundland and Labrador,290038,278592,11446,
2021-05-29,11,Prince Edward Island,79800,66370,13430,
2021-05-29,12,Nova Scotia,537868,494407,43461,
2021-05-29,13,New Brunswick,432047,391203,40844,
2021-05-29,24,Quebec,5077136,4518964,558172,
2021-05-29,35,Ontario,8298869,7609233,689636,
2021-05-29,46,Manitoba,728662,623026,105636,
2021-05-29,47,Saskatchewan,642300,559140,83160,
2021-05-29,48,Alberta,2357833,1977913,379920,
2021-05-29,59,British Columbia,3061385,2880801,180584,
2021-05-29,60,Yukon,26952,2815,24137,
2021-05-29,61,Northwest Territories,29562,5657,23905,
2021-05-29,62,Nunavut,17230,2287,14943,
2021-06-05,1,Canada,23312102,19960812,3050407,
2021-06-05,10,Newfoundland and Labrador,318238,,17355,
2021-06-05,11,Prince Edward Island,89736,75339,14397,
2021-06-05,12,Nova Scotia,590905,546361,44544,
2021-06-05,13,New Brunswick,484410,437333,47077,
2021-06-05,24,Quebec,5529406,4815864,713542,
2021-06-05,35,Ontario,8963082,7929387,1033695,
2021-06-05,46,Manitoba,786098,639752,146346,
2021-06-05,47,Saskatchewan,660941,523922,137019,
2021-06-05,48,Alberta,2511236,1991366,519870,
2021-06-05,59,British Columbia,3307406,2991745,315661,
2021-06-05,60,Yukon,27199,2695,24504,
2021-06-05,61,Northwest Territories,25647,4295,21352,
2021-06-05,62,Nunavut,17798,2753,15045,
2021-06-12,1,Canada,24407293,19218674,4871199,
2021-06-12,10,Newfoundland and Labrador,343290,,25870,
2021-06-12,11,Prince Edward Island,99261,81974,17287,
2021-06-12,12,Nova Scotia,644668,593805,50863,
2021-06-12,13,New Brunswick,510093,433716,76377,
2021-06-12,24,Quebec,5809723,4749659,1060064,
2021-06-12,35,Ontario,9413440,7613665,1799775,
2021-06-12,46,Manitoba,825173,624304,200869,
2021-06-12,47,Saskatchewan,680783,470631,210152,
2021-06-12,48,Alberta,2589472,1836304,753168,
2021-06-12,59,British Columbia,3419622,2805751,613871,
2021-06-12,60,Yukon,27470,2484,24986,
2021-06-12,61,Northwest Territories,26067,3530,22537,
2021-06-12,62,Nunavut,18231,2851,15380,
2021-06-19,1,Canada,25036920,17388850,7330967,
2021-06-19,10,Newfoundland and Labrador,363831,,46728,
2021-06-19,11,Prince Edward Island,108898,88853,20045,
2021-06-19,12,Nova Scotia,687356,604630,82726,
2021-06-19,13,New Brunswick,521178,391451,129727,
2021-06-19,24,Quebec,5941900,4378224,1563676,
2021-06-19,35,Ontario,9677721,6800058,2877663,
2021-06-19,46,Manitoba,849464,564359,285105,
2021-06-19,47,Saskatchewan,697936,410900,287036,
2021-06-19,48,Alberta,2638391,1563338,1075053,
2021-06-19,59,British Columbia,3475832,2577295,898537,
2021-06-19,60,Yukon,28065,2419,25646,
2021-06-19,61,Northwest Territories,26530,3251,23279,
2021-06-19,62,Nunavut,19818,4072,15746,
2021-06-26,1,Canada,25454731,14833936,10321362,
2021-06-26,10,Newfoundland and Labrador,378807,,79374,
2021-06-26,11,Prince Edward Island,114335,86005,28330,
2021-06-26,12,Nova Scotia,698309,530068,168241,
2021-06-26,13,New Brunswick,531111,331334,199777,
2021-06-26,24,Quebec,5996061,3835569,2160492,
2021-06-26,35,Ontario,9864684,5695604,4169080,
2021-06-26,46,Manitoba,870030,434761,435269,
2021-06-26,47,Saskatchewan,709849,307211,402638,
2021-06-26,48,Alberta,2663494,1371422,1292072,
2021-06-26,59,British Columbia,3549916,2230265,1319651,
2021-06-26,60,Yukon,30298,3719,26579,
2021-06-26,61,Northwest Territories,26879,3122,23757,
2021-06-26,62,Nunavut,20958,4856,16102,
2021-07-03,1,Canada,25810950,11888323,13646770,
2021-07-03,10,Newfoundland and Labrador,384504,,108647,
2021-07-03,11,Prince Edward Island,117161,80151,37010,
2021-07-03,12,Nova Scotia,703055,426125,276930,
2021-07-03,13,New Brunswick,537762,263405,274357,
2021-07-03,24,Quebec,6047440,3244562,2802878,
2021-07-03,35,Ontario,10006851,4450276,5556575,
2021-07-03,46,Manitoba,894428,310956,583472,
2021-07-03,47,Saskatchewan,719115,229331,489784,
2021-07-03,48,Alberta,2717742,941417,1776325,
2021-07-03,59,British Columbia,3603679,1930844,1672835,
2021-07-03,60,Yukon,30670,3370,27300,
2021-07-03,61,Northwest Territories,27138,2948,24190,
2021-07-03,62,Nunavut,21405,4938,16467,
2021-07-10,1,Canada,26129583,9268523,16622731,
2021-07-10,10,Newfoundland and Labrador,392429,,154100,
2021-07-10,11,Prince Edward Island,119632,71373,48259,
2021-07-10,12,Nova Scotia,711307,317857,393450,
2021-07-10,13,New Brunswick,545780,198772,347008,
2021-07-10,24,Quebec,6095711,2634767,3460944,
2021-07-10,35,Ontario,10142704,3283639,6859065,
2021-07-10,46,Manitoba,914318,237861,676457,
2021-07-10,47,Saskatchewan,728838,170998,557840,
2021-07-10,48,Alberta,2747926,763206,1984720,
2021-07-10,59,British Columbia,3650613,1579638,2070975,
2021-07-10,60,Yukon,31062,2952,28110,
2021-07-10,61,Northwest Territories,27364,2761,24603,
2021-07-10,62,Nunavut,21899,4699,17200,
2021-07-17,1,Canada,26429361,7121243,19104915,
2021-07-17,10,Newfoundland and Labrador,397427,,194224,
2021-07-17,11,Prince Edward Island,121771,63132,58639,
2021-07-17,12,Nova Scotia,724947,239735,485212,
2021-07-17,13,New Brunswick,552408,151223,401185,
2021-07-17,24,Quebec,6147597,2114204,4033393,
2021-07-17,35,Ontario,10269103,2421176,7847927,
2021-07-17,46,Manitoba,929567,195231,734336,
2021-07-17,47,Saskatchewan,736230,140459,595771,
2021-07-17,48,Alberta,2779941,540094,2239847,
2021-07-17,59,British Columbia,3689083,1247164,2441919,
2021-07-17,60,Yukon,31306,2622,28684,
2021-07-17,61,Northwest Territories,27609,2536,25073,
2021-07-17,62,Nunavut,22372,3667,18705,
2021-07-24,1,Canada,26689703,5349513,21174844,
2021-07-24,10,Newfoundland and Labrador,399946,,234600,
2021-07-24,11,Prince Edward Island,123085,53507,69578,
2021-07-24,12,Nova Scotia,728671,172169,556502,
2021-07-24,13,New Brunswick,559527,114958,444569,
2021-07-24,24,Quebec,6199110,1603526,4595584,
2021-07-24,35,Ontario,10383281,1811180,8572101,
2021-07-24,46,Manitoba,943121,157256,785865,
2021-07-24,47,Saskatchewan,743338,117737,625601,
2021-07-24,48,Alberta,2803897,422693,2381204,
2021-07-24,59,British Columbia,3723811,888507,2835304,
2021-07-24,60,Yukon,31502,2333,29169,
2021-07-24,61,Northwest Territories,27803,2288,25515,
2021-07-24,62,Nunavut,22611,3359,19252,
2021-07-31,1,Canada,26927832,4169325,22623414,
2021-07-31,10,Newfoundland and Labrador,403456,,268363,
2021-07-31,11,Prince Edward Island,124384,44214,80170,
2021-07-31,12,Nova Scotia,736474,119095,617379,
2021-07-31,13,New Brunswick,565011,95516,469495,
2021-07-31,24,Quebec,6239807,1223575,5016232,
2021-07-31,35,Ontario,10485065,1447489,9037576,
2021-07-31,46,Manitoba,958899,109205,849694,
2021-07-31,47,Saskatchewan,749234,101293,647941,
2021-07-31,48,Alberta,2825516,359966,2465550,
2021-07-31,59,British Columbia,3757483,661552,3095931,
2021-07-31,60,Yukon,31730,2257,29473,
2021-07-31,61,Northwest Territories,27973,2087,25886,
2021-07-31,62,Nunavut,22800,3076,19724,
2021-08-07,1,Canada,27116673,3604109,23512564,
2021-08-07,10,Newfoundland and Labrador,407370,108925,298445,
2021-08-07,11,Prince Edward Island,125512,34792,90720,
2021-08-07,12,Nova Scotia,744097,94606,649491,
2021-08-07,13,New Brunswick,569169,86351,482818,
2021-08-07,24,Quebec,6284820,980304,5304516,
2021-08-07,35,Ontario,10553582,1232979,9320603,
2021-08-07,46,Manitoba,965803,97210,868593,
2021-08-07,47,Saskatchewan,753307,93111,660196,
2021-08-07,48,Alberta,2842134,330323,2511811,
2021-08-07,59,British Columbia,3787832,538479,3249353,
2021-08-07,60,Yukon,31939,2096,29843,
2021-08-07,61,Northwest Territories,28146,1979,26167,
2021-08-07,62,Nunavut,22962,2954,20008,
2021-08-14,1,Canada,27313314,3048823,24264491,
2021-08-14,10,Newfoundland and Labrador,411260,87230,324030,
2021-08-14,11,Prince Edward Island,126392,25800,100592,
2021-08-14,12,Nova Scotia,747651,85963,661688,
2021-08-14,13,New Brunswick,572862,78320,494542,
2021-08-14,24,Quebec,6343427,790256,5553171,
2021-08-14,35,Ontario,10624677,1059550,9565127,
2021-08-14,46,Manitoba,971605,85604,886001,
2021-08-14,47,Saskatchewan,757363,87394,669969,
2021-08-14,48,Alberta,2858602,309715,2548887,
2021-08-14,59,British Columbia,3815915,432363,3383552,
2021-08-14,60,Yukon,32051,1968,30083,
2021-08-14,61,Northwest Territories,28373,1801,26572,
2021-08-14,62,Nunavut,23136,2859,20277,
2021-08-21,1,Canada,27523579,2638889,24884690,
2021-08-21,10,Newfoundland and Labrador,413918,64949,348969,
2021-08-21,11,Prince Edward Island,127262,18352,108910,
2021-08-21,12,Nova Scotia,750104,76149,673955,
2021-08-21,13,New Brunswick,576960,73143,503817,
2021-08-21,24,Quebec,6400901,610794,5790107,
2021-08-21,35,Ontario,10712555,956187,9756368,
2021-08-21,46,Manitoba,976886,77028,899858,
2021-08-21,47,Saskatchewan,762464,83476,678988,
2021-08-21,48,Alberta,2876600,293995,2582605,
2021-08-21,59,British Columbia,3841612,378245,3463367,
2021-08-21,60,Yukon,32164,1851,30313,
2021-08-21,61,Northwest Territories,28788,1911,26877,
2021-08-21,62,Nunavut,23365,2809,20556,
2021-08-28,1,Canada,27763468,2377269,25386199,
2021-08-28,10,Newfoundland and Labrador,416570,53711,362859,
2021-08-28,11,Prince Edward Island,128068,14901,113167,
2021-08-28,12,Nova Scotia,755395,67797,687598,
2021-08-28,13,New Brunswick,581700,62007,519693,
2021-08-28,24,Quebec,6459251,498104,5961147,
2021-08-28,35,Ontario,10797333,883832,9913501,
2021-08-28,46,Manitoba,983935,69586,914349,
2021-08-28,47,Saskatchewan,768407,81184,687223,
2021-08-28,48,Alberta,2898859,282060,2616799,
2021-08-28,59,British Columbia,3888929,357606,3531323,
2021-08-28,60,Yukon,32311,1756,30555,
2021-08-28,61,Northwest Territories,29166,1980,27186,
2021-08-28,62,Nunavut,23544,2745,20799,
2021-09-04,1,Canada,28005087,2240830,25764257,
2021-09-04,10,Newfoundland and Labrador,418923,47553,371370,
2021-09-04,11,Prince Edward Island,128814,13086,115728,
2021-09-04,12,Nova Scotia,758774,63603,695171,
2021-09-04,13,New Brunswick,582066,61386,520680,
2021-09-04,24,Quebec,6522870,429779,6093091,
2021-09-04,35,Ontario,10886925,854139,10032786,
2021-09-04,46,Manitoba,995895,66072,929823,
2021-09-04,47,Saskatchewan,774851,79635,695216,
2021-09-04,48,Alberta,2925095,275296,2649799,
2021-09-04,59,British Columbia,3925357,343816,3581541,
2021-09-04,60,Yukon,32418,1695,30723,
2021-09-04,61,Northwest Territories,29390,2025,27365,
2021-09-04,62,Nunavut,23709,2745,20964,
2021-09-11,1,Canada,28259901,2146675,26113226,
2021-09-11,10,Newfoundland and Labrador,421222,45316,375906,
2021-09-11,11,Prince Edward Island,129467,11802,117665,
2021-09-11,12,Nova Scotia,764090,59646,704444,
2021-09-11,13,New Brunswick,590323,56319,534004,
2021-09-11,24,Quebec,6575570,381710,6193860,
2021-09-11,35,Ontario,10997962,825753,10172209,
2021-09-11,46,Manitoba,1004844,64842,940002,
2021-09-11,47,Saskatchewan,780504,78533,701971,
2021-09-11,48,Alberta,2947934,275929,2672005,
2021-09-11,59,British Columbia,3961804,340260,3621544,
2021-09-11,60,Yukon,32517,1637,30880,
2021-09-11,61,Northwest Territories,29665,2053,27612,
2021-09-11,62,Nunavut,23999,2875,21124,
2021-09-18,1,Canada,28566606,2087688,26478918,
2021-09-18,10,Newfoundland and Labrador,423500,41162,382338,
2021-09-18,11,Prince Edward Island,130394,10876,119518,
2021-09-18,12,Nova Scotia,771532,57693,713839,
2021-09-18,13,New Brunswick,596068,55746,540322,
2021-09-18,24,Quebec,6627165,341126,6286039,
2021-09-18,35,Ontario,11088718,787065,10301653,
2021-09-18,46,Manitoba,1013099,63066,950033,
2021-09-18,47,Saskatchewan,790969,79596,711373,
2021-09-18,48,Alberta,3031198,306094,2725104,
2021-09-18,59,British Columbia,4007201,338775,3668426,
2021-09-18,60,Yukon,32606,1562,31044,
2021-09-18,61,Northwest Territories,29884,1953,27931,
2021-09-18,62,Nunavut,24272,2974,21298,
2021-09-25,1,Canada,28838702,2000737,26837965,
2021-09-25,10,Newfoundland and Labrador,426570,39527,387043,
2021-09-25,11,Prince Edward Island,131385,10342,121043,
2021-09-25,12,Nova Scotia,778358,56569,721789,
2021-09-25,13,New Brunswick,607455,57811,549644,
2021-09-25,24,Quebec,6655854,307540,6348314,
2021-09-25,35,Ontario,11191067,726981,10464086,
2021-09-25,46,Manitoba,1018930,59370,959560,
2021-09-25,47,Saskatchewan,805457,82837,722620,
2021-09-25,48,Alberta,3089325,325445,2763880,
2021-09-25,59,British Columbia,4047010,327879,3719131,
2021-09-25,60,Yukon,32615,1509,31106,
2021-09-25,61,Northwest Territories,30082,1907,28175,
2021-09-25,62,Nunavut,24594,3020,21574,
2021-10-02,1,Canada,29059984,1886441,27173543,
2021-10-02,10,Newfoundland and Labrador,430575,37114,393461,
2021-10-02,11,Prince Edward Island,132404,9810,122594,
2021-10-02,12,Nova Scotia,784933,55186,729747,
2021-10-02,13,New Brunswick,617874,58252,559622,
2021-10-02,24,Quebec,6681955,277524,6404431,
2021-10-02,35,Ontario,11272941,669158,10603783,
2021-10-02,46,Manitoba,1024702,54233,970469,
2021-10-02,47,Saskatchewan,819561,84581,734980,
2021-10-02,48,Alberta,3136368,333856,2802512,
2021-10-02,59,British Columbia,4070961,300365,3770596,
2021-10-02,60,Yukon,32551,1456,31095,
2021-10-02,61,Northwest Territories,30295,1910,28385,
2021-10-02,62,Nunavut,24864,2996,21868,
2021-10-09,1,Canada,29268315,1781244,27487071,
2021-10-09,10,Newfoundland and Labrador,435167,35404,399763,
2021-10-09,11,Prince Edward Island,133762,9379,124383,
2021-10-09,12,Nova Scotia,792389,53220,739169,
2021-10-09,13,New Brunswick,625786,59760,566026,
2021-10-09,24,Quebec,6708650,249288,6459362,
2021-10-09,35,Ontario,11346301,617162,10729139,
2021-10-09,46,Manitoba,1031804,50279,981525,
2021-10-09,47,Saskatchewan,834412,85862,748550,
2021-10-09,48,Alberta,3175136,331550,2843586,
2021-10-09,59,British Columbia,4096828,283089,3813739,
2021-10-09,60,Yukon,32456,1426,31030,
2021-10-09,61,Northwest Territories,30513,1831,28682,
2021-10-09,62,Nunavut,25111,2994,22117,
2021-10-16,1,Canada,29429124,1657602,27771522,
2021-10-16,10,Newfoundland and Labrador,440564,35205,405359,
2021-10-16,11,Prince Edward Island,134593,8686,125907,
2021-10-16,12,Nova Scotia,799522,52087,747435,
2021-10-16,13,New Brunswick,631562,58932,572630,
2021-10-16,24,Quebec,6733702,228058,6505644,
2021-10-16,35,Ontario,11401106,568820,10832286,
2021-10-16,46,Manitoba,1038086,47630,990456,
2021-10-16,47,Saskatchewan,842569,83060,759509,
2021-10-16,48,Alberta,3203485,306771,2896714,
2021-10-16,59,British Columbia,4115184,261997,3853187,
2021-10-16,60,Yukon,32484,1407,31077,
2021-10-16,61,Northwest Territories,30717,1792,28925,
2021-10-16,62,Nunavut,25550,3157,22393,
2021-10-23,1,Canada,29582490,1509823,28072667,
2021-10-23,10,Newfoundland and Labrador,447737,33904,413833,
2021-10-23,11,Prince Edward Island,135385,8296,127089,
2021-10-23,12,Nova Scotia,805627,49939,755688,
2021-10-23,13,New Brunswick,636188,53987,582201,
2021-10-23,24,Quebec,6756396,213715,6542681,
2021-10-23,35,Ontario,11454409,521433,10932976,
2021-10-23,46,Manitoba,1042822,44874,997948,
2021-10-23,47,Saskatchewan,850206,76344,773862,
2021-10-23,48,Alberta,3229562,265192,2964370,
2021-10-23,59,British Columbia,4134599,235625,3898974,
2021-10-23,60,Yukon,32627,1436,31191,
2021-10-23,61,Northwest Territories,31034,1836,29198,
2021-10-23,62,Nunavut,25898,3242,22656,
2021-10-30,1,Canada,29693707,1376425,28317282,
2021-10-30,10,Newfoundland and Labrador,451476,32376,419100,
2021-10-30,11,Prince Edward Island,135917,7608,128309,
2021-10-30,12,Nova Scotia,809673,46505,763168,
2021-10-30,13,New Brunswick,639542,48135,591407,
2021-10-30,24,Quebec,6771573,200692,6570881,
2021-10-30,35,Ontario,11497222,477202,11020020,
2021-10-30,46,Manitoba,1046884,42266,1004618,
2021-10-30,47,Saskatchewan,856287,67588,788699,
2021-10-30,48,Alberta,3244251,238555,3005696,
2021-10-30,59,British Columbia,4150753,208984,3941769,
2021-10-30,60,Yukon,32748,1487,31261,
2021-10-30,61,Northwest Territories,31250,1801,29449,
2021-10-30,62,Nunavut,26131,3226,22905,
2021-11-06,1,Canada,29786923,1275539,28511384,
2021-11-06,10,Newfoundland and Labrador,453632,30288,423344,
2021-11-06,11,Prince Edward Island,136235,7088,129147,
2021-11-06,12,Nova Scotia,812111,43673,768438,
2021-11-06,13,New Brunswick,641393,44067,597326,
2021-11-06,24,Quebec,6784972,191388,6593584,
2021-11-06,35,Ontario,11532131,444943,11087188,
2021-11-06,46,Manitoba,1050396,39925,1010471,
2021-11-06,47,Saskatchewan,861466,59935,801531,
2021-11-06,48,Alberta,3258867,216748,3042119,
2021-11-06,59,British Columbia,4164608,191062,3973546,
2021-11-06,60,Yukon,33355,1530,31825,
2021-11-06,61,Northwest Territories,31457,1723,29734,
2021-11-06,62,Nunavut,26300,3169,23131,
2021-11-13,1,Canada,29873618,1187091,28686527,
2021-11-13,10,Newfoundland and Labrador,455271,27361,427910,
2021-11-13,11,Prince Edward Island,136689,6195,130494,
2021-11-13,12,Nova Scotia,814073,40776,773297,
2021-11-13,13,New Brunswick,643061,40677,602384,
2021-11-13,24,Quebec,6800246,182252,6617994,
2021-11-13,35,Ontario,11565749,415749,11150000,
2021-11-13,46,Manitoba,1053146,38203,1014943,
2021-11-13,47,Saskatchewan,865395,54782,810613,
2021-11-13,48,Alberta,3272662,196510,3076152,
2021-11-13,59,British Columbia,4175893,178158,3997735,
2021-11-13,60,Yukon,33443,1549,31894,
2021-11-13,61,Northwest Territories,31457,1723,29734,
2021-11-13,62,Nunavut,26533,3156,23377,
2021-11-20,1,Canada,29967729,1105337,28862392,
2021-11-20,10,Newfoundland and Labrador,457061,23413,433648,
2021-11-20,11,Prince Edward Island,137025,5533,131492,
2021-11-20,12,Nova Scotia,821401,35809,785592,
2021-11-20,13,New Brunswick,644914,36821,608093,
2021-11-20,24,Quebec,6815304,174945,6640359,
2021-11-20,35,Ontario,11598644,391242,11207402,
2021-11-20,46,Manitoba,1056316,36227,1020089,
2021-11-20,47,Saskatchewan,869043,50075,818968,
2021-11-20,48,Alberta,3290358,178640,3111718,
2021-11-20,59,British Columbia,4185544,166440,4019104,
2021-11-20,60,Yukon,33604,1526,32078,
2021-11-20,61,Northwest Territories,31696,1499,30197,
2021-11-20,62,Nunavut,26819,3167,23652,
2021-11-27,1,Canada,30219807,1206441,29013366,
2021-11-27,10,Newfoundland and Labrador,461243,22737,438506,
2021-11-27,11,Prince Edward Island,137925,5662,132263,
2021-11-27,12,Nova Scotia,823590,33542,790048,
2021-11-27,13,New Brunswick,648231,35675,612556,
2021-11-27,24,Quebec,6879321,218085,6661236,
2021-11-27,35,Ontario,11678129,424276,11253853,
2021-11-27,46,Manitoba,1066767,42014,1024753,
2021-11-27,47,Saskatchewan,886045,60314,825731,
2021-11-27,48,Alberta,3351130,201792,3149338,
2021-11-27,59,British Columbia,4194552,156093,4038459,
2021-11-27,60,Yukon,33787,1535,32252,
2021-11-27,61,Northwest Territories,32005,1582,30423,
2021-11-27,62,Nunavut,27082,3134,23948,
2021-12-04,1,Canada,30604426,1526928,29077498,
2021-12-04,10,Newfoundland and Labrador,468499,26627,441872,
2021-12-04,11,Prince Edward Island,139463,6616,132847,
2021-12-04,12,Nova Scotia,833699,39445,794254,
2021-12-04,13,New Brunswick,655872,40604,615268,
2021-12-04,24,Quebec,7008027,327557,6680470,
2021-12-04,35,Ontario,11809917,552716,11257201,
2021-12-04,46,Manitoba,1089070,60231,1028839,
2021-12-04,47,Saskatchewan,907326,76388,830938,
2021-12-04,48,Alberta,3365876,212747,3153129,
2021-12-04,59,British Columbia,4231616,176214,4055402,
2021-12-04,60,Yukon,33945,1472,32473,
2021-12-04,61,Northwest Territories,33175,2519,30656,
2021-12-04,62,Nunavut,27941,3792,24149,
2021-12-11,1,Canada,30990291,1824718,29165573,1905500
2021-12-11,10,Newfoundland and Labrador,476178,31969,444209,
2021-12-11,11,Prince Edward Island,140731,7384,133347,
2021-12-11,12,Nova Scotia,852630,53415,799215,
2021-12-11,13,New Brunswick,663510,46207,617303,
2021-12-11,24,Quebec,7118234,419433,6698801,
2021-12-11,35,Ontario,11944371,655365,11289006,1105619
2021-12-11,46,Manitoba,1102066,73879,1028187,118840
2021-12-11,47,Saskatchewan,915965,80811,835154,162273
2021-12-11,48,Alberta,3398445,230667,3167778,505844
2021-12-11,59,British Columbia,4280705,215740,4064965,
2021-12-11,60,Yukon,34499,2042,32457,
2021-12-11,61,Northwest Territories,33654,2922,30732,12924
2021-12-11,62,Nunavut,29303,4884,24419,
2021-12-18,1,Canada,31280821,2027738,29253083,3021969
2021-12-18,10,Newfoundland and Labrador,483543,37319,446224,
2021-12-18,11,Prince Edward Island,142326,8571,133755,
2021-12-18,12,Nova Scotia,864395,62873,801522,
2021-12-18,13,New Brunswick,672076,56442,615634,102350
2021-12-18,24,Quebec,7201341,485263,6716078,
2021-12-18,35,Ontario,12038634,719357,11319277,1847948
2021-12-18,46,Manitoba,1113721,82750,1030971,186408
2021-12-18,47,Saskatchewan,921321,81783,839538,219157
2021-12-18,48,Alberta,3423483,241363,3182120,636857
2021-12-18,59,British Columbia,4321212,240986,4080226,
2021-12-18,60,Yukon,35246,2729,32517,10172
2021-12-18,61,Northwest Territories,33892,2985,30907,13547
2021-12-18,62,Nunavut,29631,5317,24314,5530
2021-12-25,1,Canada,31469712,2143361,29326351,5161087
2021-12-25,10,Newfoundland and Labrador,485454,38134,447320,
2021-12-25,11,Prince Edward Island,143342,9495,133847,16579
2021-12-25,12,Nova Scotia,868894,65563,803331,
2021-12-25,13,New Brunswick,675662,58206,617456,138892
2021-12-25,24,Quebec,7237198,506477,6730721,
2021-12-25,35,Ontario,12114044,761657,11352387,2893501
2021-12-25,46,Manitoba,1119954,85987,1033967,267469
2021-12-25,47,Saskatchewan,925019,80761,844258,274126
2021-12-25,48,Alberta,3442633,250552,3192081,819331
2021-12-25,59,British Columbia,4358089,274971,4083118,720329
2021-12-25,60,Yukon,35563,2969,32594,10969
2021-12-25,61,Northwest Territories,33892,2985,30907,13547
2021-12-25,62,Nunavut,29968,5604,24364,6344
2022-01-01,1,Canada,31574216,2191307,29382909,6334490
2022-01-01,10,Newfoundland and Labrador,485985,38233,447752,
2022-01-01,11,Prince Edward Island,143567,9582,133985,20365
2022-01-01,12,Nova Scotia,872959,68440,804519,
2022-01-01,13,New Brunswick,677537,59472,618065,154227
2022-01-01,24,Quebec,7251365,512282,6739083,
2022-01-01,35,Ontario,12160616,785012,11375604,3683520
2022-01-01,46,Manitoba,1122812,87130,1035682,322516
2022-01-01,47,Saskatchewan,927823,78816,849007,309791
2022-01-01,48,Alberta,3456323,256700,3199623,971948
2022-01-01,59,British Columbia,4375218,283692,4091526,837573
2022-01-01,60,Yukon,35601,2938,32663,12146
2022-01-01,61,Northwest Territories,34101,3076,31025,14518
2022-01-01,62,Nunavut,30309,5934,24375,7886
2022-01-08,1,Canada,31719560,2235154,29484406,7935159
2022-01-08,10,Newfoundland and Labrador,488197,39502,448695,
2022-01-08,11,Prince Edward Island,144370,10162,134208,25106
2022-01-08,12,Nova Scotia,875792,70937,804855,
2022-01-08,13,New Brunswick,681137,61296,619841,189741
2022-01-08,24,Quebec,7272970,518939,6754031,
2022-01-08,35,Ontario,12221966,797190,11424776,4685193
2022-01-08,46,Manitoba,1128297,88988,1039309,407054
2022-01-08,47,Saskatchewan,932891,74641,858250,360540
2022-01-08,48,Alberta,3473133,262625,3210508,1135364
2022-01-08,59,British Columbia,4400247,298601,4101646,1093632
2022-01-08,60,Yukon,35735,3032,32703,14349
2022-01-08,61,Northwest Territories,34201,3126,31075,15149
2022-01-08,62,Nunavut,30624,6115,24509,9031
2022-01-15,1,Canada,31887372,2263287,29624085,9419805
2022-01-15,10,Newfoundland and Labrador,488197,39502,448695,
2022-01-15,11,Prince Edward Island,146111,11479,134632,38282
2022-01-15,12,Nova Scotia,880861,72792,808069,
2022-01-15,13,New Brunswick,683508,58263,625245,226283
2022-01-15,24,Quebec,7304116,530230,6773886,
2022-01-15,35,Ontario,12295318,800830,11494488,5534649
2022-01-15,46,Manitoba,1133742,90450,1043292,461781
2022-01-15,47,Saskatchewan,938690,70836,867854,402226
2022-01-15,48,Alberta,3491701,266768,3224933,1276502
2022-01-15,59,British Columbia,4424104,309736,4114368,1437886
2022-01-15,60,Yukon,35750,2997,32753,16557
2022-01-15,61,Northwest Territories,34327,3164,31163,15746
2022-01-15,62,Nunavut,30947,6240,24707,9893
2022-01-22,1,Canada,32031023,2224108,29806915,10863502
2022-01-22,10,Newfoundland and Labrador,493587,41105,452482,
2022-01-22,11,Prince Edward Island,147305,11734,135571,48249
2022-01-22,12,Nova Scotia,884139,74247,809892,362158
2022-01-22,13,New Brunswick,688284,59860,628424,292152
2022-01-22,24,Quebec,7330276,503345,6826931,
2022-01-22,35,Ontario,12353617,784611,11569006,6037483
2022-01-22,46,Manitoba,1138415,87621,1050794,505433
2022-01-22,47,Saskatchewan,943345,66610,876735,430150
2022-01-22,48,Alberta,3507630,265675,3241955,1376875
2022-01-22,59,British Columbia,4442841,316930,4125911,1766445
2022-01-22,60,Yukon,35914,2990,32924,17470
2022-01-22,61,Northwest Territories,34442,3003,31439,16163
2022-01-22,62,Nunavut,31228,6377,24851,10924
